{
  "mode": "Free",
  "position": {
    "x": 3.6214042,
    "y": 4.3359413,
    "z": -41.248474
  },
  "rotation": 51.97685,
  "attack_angle": 0.1463944,
  "renderer": 1,
  "outside_wall_opacity": 0.5
}