{
  "mode": "Free",
  "position": {
    "x": 24.976803,
    "y": 11.333281,
    "z": 0.1449455
  },
  "rotation": 38.351788,
  "attack_angle": 0.3971591,
  "renderer": 1,
  "outside_wall_opacity": 0.5
}