{
  "mode": "Free",
  "position": {
    "x": 44.601406,
    "y": 19.95268,
    "z": 33.09461
  },
  "rotation": 7.4165273,
  "attack_angle": 0.43277615,
  "renderer": 1,
  "outside_wall_opacity": 0.5
}