{
  "mode": "Free",
  "position": {
    "x": 10.865742,
    "y": 8.3599825,
    "z": -58.05244
  },
  "rotation": 34.377052,
  "attack_angle": 0.17265876,
  "renderer": 1,
  "outside_wall_opacity": 0.5
}