{
  "mode": "Free",
  "position": {
    "x": 1.9085648,
    "y": 14.6623,
    "z": -58.234512
  },
  "rotation": 53.394123,
  "attack_angle": 0.32087374,
  "renderer": 1,
  "outside_wall_opacity": 0.2
}