{
  "mode": "Free",
  "position": {
    "x": -1.2167933,
    "y": 12.99915,
    "z": -56.412884
  },
  "rotation": 34.58739,
  "attack_angle": 0.3699241,
  "renderer": 1,
  "outside_wall_opacity": 0.5
}