{
  "mode": "Free",
  "position": {
    "x": -10.732824,
    "y": 11.200438,
    "z": -42.80365
  },
  "rotation": 41.961155,
  "attack_angle": 0.42059666,
  "renderer": 1,
  "outside_wall_opacity": 0.5
}