{
  "mode": "Free",
  "position": {
    "x": -21.512413,
    "y": 9.331919,
    "z": -51.66267
  },
  "rotation": 48.106834,
  "attack_angle": 0.26099288,
  "renderer": 1,
  "outside_wall_opacity": 0.5
}