{
  "mode": "Free",
  "position": {
    "x": -38.854176,
    "y": 11.076577,
    "z": -26.740759
  },
  "rotation": 54.43789,
  "attack_angle": 0.2664243,
  "renderer": 1,
  "outside_wall_opacity": 0.5
}