{
  "mode": "Free",
  "position": {
    "x": -13.958947,
    "y": 9.661658,
    "z": -19.829245
  },
  "rotation": 4.903189,
  "attack_angle": 0.37724027,
  "renderer": 1,
  "outside_wall_opacity": 0.5
}