{
  "mode": "Free",
  "position": {
    "x": 23.157484,
    "y": 9.204883,
    "z": -11.240407
  },
  "rotation": 21.669413,
  "attack_angle": 0.28089157,
  "renderer": 1,
  "outside_wall_opacity": 0.5
}