{
  "mode": "Free",
  "position": {
    "x": 22.860418,
    "y": 11.626108,
    "z": -14.85622
  },
  "rotation": 2.3279948,
  "attack_angle": 0.36767107,
  "renderer": 1,
  "outside_wall_opacity": 0.5
}