{
  "mode": "Free",
  "position": {
    "x": -1.4039228,
    "y": 16.061626,
    "z": -6.9358034
  },
  "rotation": 28.15306,
  "attack_angle": 0.52256835,
  "renderer": 1,
  "outside_wall_opacity": 0.5
}