{
  "mode": "Free",
  "position": {
    "x": 27.077526,
    "y": 14.292621,
    "z": -31.55838
  },
  "rotation": 21.287193,
  "attack_angle": 0.40333942,
  "renderer": 1,
  "outside_wall_opacity": 0.5
}