{
  "mode": "Free",
  "position": {
    "x": 25.827541,
    "y": 15.68221,
    "z": -31.75649
  },
  "rotation": 27.910858,
  "attack_angle": 0.4510029,
  "renderer": 1,
  "outside_wall_opacity": 0.5
}