{
  "mode": "Free",
  "position": {
    "x": 13.471938,
    "y": 7.9947395,
    "z": -50.546795
  },
  "rotation": 52.732887,
  "attack_angle": 0.16811265,
  "renderer": 1,
  "outside_wall_opacity": 0.2
}